application_no,application_day,publication_no,publication_day,publication_user,publication_address,patent_inventor,patent_agent,patent_agent_user,publication_address,patent_inventor,patent_agent,patent_agent_user,patent_summary,patent_main_item
CN201480067902.5,2014-12-13,CN106164277A,2016-11-23,KWS种子欧洲股份公司,德国恩拜克,K・施密特,永新专利商标代理有限公司 72002,李振东;过晓东,德国恩拜克,K・施密特,永新专利商标代理有限公司 72002,李振东;过晓东,"本发明提出一种改善了的小麦属转基因植物生产方法,包括下列步骤：a)用一种基因成分根瘤菌科介导转化小麦属植物的至少一个细胞,和b)从转化了的细胞再生小麦属转基因植物,其中从步骤(a)至步骤(b)都没有根据一个用该基因成分或其一部分介导的特性选择转化的细胞。","小麦属转基因植物生产方法,包括下列步骤：(a)通过小麦属植物外植体细胞与至少一个来自根瘤菌科的包括一个基因成分的细菌细胞的共培养,用该基因成分转化小麦属植物至少一个细胞,和(b)从至少一个来自(a)的转化的细胞再生小麦属转基因植物,其中从步骤(a)至步骤(b)都没有根据一个通过该基因成分或其一部分介导的特性选择来自(a)的转化的细胞。"
CN201480067912.9,2014-12-08,CN106170542A,2016-11-30,斯克利普斯研究院,美国加利福尼亚州,彼得・库恩;马德琳・卢特根;安纳德・科拉特卡尔,上海胜康律师事务所 31263,樊英如;杨学春,美国加利福尼亚州,彼得・库恩;马德琳・卢特根;安纳德・科拉特卡尔,上海胜康律师事务所 31263,樊英如;杨学春,本公开提供了用于检测非富集血液样品中循环内皮细胞(CEC)的方法。本发明公开部分地基于可检测非富集血液样品中的CEC的出乎意料的发现之上。本发明公开进一步部分地基于通过结合非富集血液样品中的有核细胞的一种或更多种免疫荧光标记物的检测和有核细胞的形态学评估可检测非富集血液样品中CEC的发现之上。本发明公开进一步部分地基于可通过对比CEC的免疫荧光标记物染色和形态特征与白血细胞的免疫荧光标记物染色和形态特征来检测非富集血液样品中的CEC的发现之上。本文公开的方法用于将人受试者分类为心肌梗塞(MI)患者或健康对照。,"一种用于检测非富集血液样品中的循环内皮细胞(CEC)的方法,其包括(a)测定非富集血液样品中有核细胞中是否存在一种或更多种免疫荧光标记物,和(b)评估所述有核细胞的形态,其中基于结合不同的免疫荧光染色和形态特征检测所述有核细胞中的所述CEC。"
CN201480074846.8,2014-12-15,CN106164276A,2016-11-23,凯立博生物疗法公司,美国德克萨斯州,S.马塞尔;L.贝内特,北京市英智伟诚知识产权代理事务所(普通合伙) 11521,刘丹妮,美国德克萨斯州,S.马塞尔;L.贝内特,北京市英智伟诚知识产权代理事务所(普通合伙) 11521,刘丹妮,"本发明包括降低蛋白质的糖基化的组合物和方法,包括：获得表达一种或多种蛋白质的细胞,所述蛋白质包括一个或多个糖基化位点并且被糖基化；在细胞中表达一种或多种糖苷酶切割来自一种或多种蛋白质的一个或多个糖基；和分离来自细胞的具有降低的糖基化的一种或多种蛋白质。","一种降低蛋白质的糖基化的方法,包括：获得表达一种或多种蛋白质的细胞,所述蛋白质包括一个或多个糖基化位点并且被糖基化；在细胞中表达一种或多种糖苷酶,所述糖苷酶切割一个或多个来自所述一种或多种蛋白质的糖基以降低蛋白质的糖基化,其中所述糖苷酶；和分离来自细胞的具有降低的糖基化的一种或多种蛋白质。"
CN201480077807.3,2014-11-07,CN106164275A,2016-11-23,佛罗里达大学研究基金会公司,美国佛罗里达州,詹森・莱斯尔;莉娜・Q・玛;巴拉苏布拉玛尼・拉蒂娜萨巴帕蒂尔;查尔斯・L・盖伊,北京安信方达知识产权代理有限公司 11262,李平;郑霞,美国佛罗里达州,詹森・莱斯尔;莉娜・Q・玛;巴拉苏布拉玛尼・拉蒂娜萨巴帕蒂尔;查尔斯・L・盖伊,北京安信方达知识产权代理有限公司 11262,李平;郑霞,"本公开内容提供了编码来自蜈蚣草(Pteris#vittata；PV)根的植酸酶的分离的和合成的DNA和cDNA分子；PV根植酸酶蛋白质和肽；PV根植酸酶反义分子,载体、转基因细胞和植物,其含有PV根植酸酶核酸分子、分离的多肽、或反义分子；用于PV根植酸酶的遗传标记；以及使用这些核酸或多肽分子改善植物和动物对植酸盐中磷的利用的方法。","一种纯化的重组植酸酶,所述纯化的重组植酸酶具有与SEQ#ID#NO：3、5、7、9、11、13、15、17、19或21中任一项具有约90％或更高的序列同一性的多肽序列。"
CN201480064626.7,2014-12-08,CN106164274A,2016-11-23,阿则耐克斯公司,美国北卡罗来纳州,D.A.莱赫蒂宁;K.S.桑普森;K.罗伯茨;E.邓恩;N.乔古莱,北京市柳沈律师事务所 11105,张文辉,美国北卡罗来纳州,D.A.莱赫蒂宁;K.S.桑普森;K.罗伯茨;E.邓恩;N.乔古莱,北京市柳沈律师事务所 11105,张文辉,"在此提供了用于向细菌、植物、植物细胞、组织以及种子赋予杀有害生物活性的组合物和方法。提供了包含针对苏云金杆菌毒素多肽的编码序列的组合物。这些编码序列可以用在用于在植物和细菌中转化和表达的DNA构建体或表达盒中。组合物还包括转化的细菌、植物、植物细胞、组织、以及种子。具体地说,提供了分离的毒素核酸分子。另外,涵盖了与这些多核苷酸相应的氨基酸序列、以及与这些氨基酸序列特异性结合的抗体。具体地说,本发明提供了分离的核酸分子,这些核酸分子包含对SEQ#ID#NO:5#26中所示的氨基酸序列进行编码的核苷酸序列、或在SEQ#ID#NO:1#4中列出的核苷酸序列、以及其变体和片段。","一种重组核酸分子,该重组核酸分子包括核苷酸序列,该核苷酸序列编码具有杀有害生物活性的氨基酸序列,其中所述核苷酸序列选自下组,该组由以下各项组成：a)在SEQ#ID#NO:1#4中列出的核苷酸序列；b)核苷酸序列,其对包含SEQ#ID#NO:5#26中任一项的氨基酸序列的多肽进行编码；c)核苷酸序列,其对包含与SEQ#ID#NO:5#26中任一项的氨基酸序列具有至少95％序列一致性的氨基酸序列的多肽进行编码。"
CN201480076098.7,2014-12-17,CN106164273A,2016-11-23,先锋海外公司,美国衣阿华州,高阳;刘军华;刘敏;王昌贵;王喜萍;夏勉;于昆;吕贵华,中国专利代理(香港)有限公司 72001,唐华东;李炳爱,美国衣阿华州,高阳;刘军华;刘敏;王昌贵;王喜萍;夏勉;于昆;吕贵华,中国专利代理(香港)有限公司 72001,唐华东;李炳爱,"本发明公开了分离的多核苷酸和多肽、以及可用于赋予耐旱性的重组DNA构建体；包含这些重组DNA构建体的组合物(诸如植物或种子)；以及利用这些重组DNA构建体的方法。所述重组DNA构建体包含可操作地连接到在植物中有功能的启动子的多核苷酸,所述多核苷酸编码DN#DTP1多肽。","一种分离的多核苷酸,所述分离的多核苷酸包含：(a)SEQ#ID#NO：2的多核苷酸序列；(b)SEQ#ID#NO：3的多核苷酸序列；(c)与(b)的所述全长多核苷酸序列具有至少85％序列同一性的多核苷酸序列；(d)编码与SEQ#ID#NO：4的氨基酸序列具有至少85％序列同一性的多肽的多核苷酸序列；或(e)与以上(a)、(b)、(c)或(d)的所述全长多核苷酸序列互补的多核苷酸序列,其中所述多核苷酸在植物中的过表达增强耐旱性和/或百草枯耐受性。"
CN201480073554.2,2014-06-27,CN106164272A,2016-11-23,中国科学院遗传与发育生物学研究所,100101 北京市朝阳区北辰西路1号院,高彩霞;邱金龙;王延鹏,中科专利商标代理有限责任公司 11021,张国梁,100101 北京市朝阳区北辰西路1号院,高彩霞;邱金龙;王延鹏,中科专利商标代理有限责任公司 11021,张国梁,"本发明提供抵抗白粉病的突变体小麦植物及其产生方法,其中所述突变体小麦植物在TaMLO#A1、TaMLO#B1和TaMLO#D1核酸序列中包含功能丧失突变。本发明也提供用于确定在小麦植物中存在或不存在突变体TaMLO#A1、TaMLO#B1、和/或TaMLO#D1核酸或多肽的方法。","一种突变体小麦植物,其在TaMLO#A1、TaMLO#B1和TaMLO#D1核酸序列中包含功能丧失突变。"
CN201480054264.3,2014-09-03,CN106164268A,2016-11-23,贝尔生物系统公司,美国加利福尼亚州,C・B・贝尔;A・巴扎罗夫;A・瓦克尔;J・巴罗佐,北京同恒源知识产权代理有限公司 11275,王维绮,美国加利福尼亚州,C・B・贝尔;A・巴扎罗夫;A・瓦克尔;J・巴罗佐,北京同恒源知识产权代理有限公司 11275,王维绮,"本发明总体上涉及具有人工内共生体的宿主细胞,其中人工内共生体和宿主细胞彼此通讯以改变宿主细胞的表型。在一些实施例中,通讯包括从人工内共生体分泌多肽到宿主细胞中。所分泌的多肽可以是可选择标记、报告蛋白、转录因子、信号途径蛋白、受体、生长因子、细胞因子、效应分子或可在宿主细胞中产生表型的其他因子。","一种宿主细胞,包括人工内共生体,其中人工内共生体分泌异源蛋白到宿主细胞中并由此为宿主细胞提供表型。"
CN201480062811.2,2014-09-17,CN106164258A,2016-11-23,巴斯德研究院;国立科学研究中心;狄德罗-巴黎第七大学,法国巴黎,M・萨拉;D・雅各布;F・坦吉,永新专利商标代理有限公司 72002,王健,法国巴黎,M・萨拉;D・雅各布;F・坦吉,永新专利商标代理有限公司 72002,王健,"本发明涉及基于作为异源多肽载体的包含非节段负链核糖核酸(RNA)病毒的核蛋白的多聚核糖核蛋白(RNP)的亚单位疫苗平台。本发明还涉及得自至少200个融合蛋白与细胞RNA的组合体的多聚RNP,或者涉及表达这些多聚RNP的重组酵母或酵母裂解物。本发明还涉及制备这些多聚RNP或重组酵母或酵母裂解物的方法。本发明特别涉及它们用作活性成分在体外产生免疫原性组合物或者在需要其的宿主体内引起针对异源多肽的保护性预防或治疗性免疫应答的用途。本发明的重组酵母或酵母裂解物也可以用作表达和载体系统以递送至宿主。","得自至少200个融合蛋白和细胞核糖核酸(RNA)的组合体的多聚核糖核蛋白(RNP),其中所述融合蛋白包含副粘病毒(Paramyxoviridae)科非节段负链RNA病毒的核蛋白(N),所述核蛋白与携带一或多个表位的异源多肽直接或间接融合。"
CN201480077681.X,2014-08-12,CN106164257A,2016-11-23,味之素株式会社,日本东京,栗山阳子;冈元训;北泽学;杉本尚;松本拓也,中国国际贸易促进委员会专利商标事务所 11038,何杨,日本东京,栗山阳子;冈元训;北泽学;杉本尚;松本拓也,中国国际贸易促进委员会专利商标事务所 11038,何杨,"本发明的目的在于,提供一种维持培养基性能的稳定且减少了白蛋白的使用的、培养成绩良好的干细胞增殖用培养基。本发明提供一种iPS细胞培养用培养基等,所述iPS细胞培养用培养基的特征在于,含有聚乙烯醇等水溶性聚合物和白蛋白。","一种iPS细胞培养用培养基,其特征在于,含有水溶性聚合物和白蛋白。"
CN201480063730.4,2014-09-22,CN106164255A,2016-11-23,隆萨有限公司,瑞士菲斯普,P・沃尔什;T・费尔纳,上海专利商标事务所有限公司 31100,余颖;陶家蓉,瑞士菲斯普,P・沃尔什;T・费尔纳,上海专利商标事务所有限公司 31100,余颖;陶家蓉,"本文描述了用于增强体细胞的核重编程以变成多潜能干细胞的方法。具体地,本文所述的方法包括使用损伤相关分子模式分子(DAMP)。在某些实施方式中,DAMP是铝组合物,如氢氧化铝。已经意外并令人惊讶地发现这类DAMP增强重编程因子的核重编程效率,该重编程因子常用于诱导体细胞变成经诱导的多潜能干细胞。因此,本发明描述了核重编程的方法以及通过这类方法获得的细胞和使用这类细胞治疗可通过干细胞疗法治疗的疾病的疗法,以及用于这类用途的试剂盒。","一种增强哺乳动物体细胞核重编程的方法,所述方法包括：将哺乳动物体细胞干细胞群与(a)有效剂量的损伤相关分子模式分子(DAMP)；和(b)重编程因子的混合物接触,接触时间足以将所述哺乳动物体细胞重编程为所需的感兴趣细胞类型。"
CN201480057997.2,2014-10-21,CN106164254A,2016-11-23,乔治亚大学研究基金公司,美国乔治亚州雅典,佩吉・欧季亚阿金斯;琼A・康纳,广州市华学知识产权代理有限公司 44245,陈燕娴,美国乔治亚州雅典,佩吉・欧季亚阿金斯;琼A・康纳,广州市华学知识产权代理有限公司 44245,陈燕娴,本文所公开的方法和成分通常涉及与植物繁殖相关的基因和使用所述基因的方法。,"一种在缺乏卵细胞受精的情况下,从开花植物胚珠中的一个或多个配子体或孢子体细胞获得繁殖的方法,该方法包括：用能够编码具有与SEQ#ID#NO：4多肽至少75％的序列同一性的多肽的ASGR#BBML基因构建体转化开花植物；在缺乏卵细胞受精的情况下,从转化植物胚珠中获得一个或多个配子体或孢子体细胞；从所述一个或多个配子体或孢子体细胞中获得子代植物,其中所述子代植物包含来自转化植物的一个或多个染色体集合,从而在缺乏卵细胞受精的情况下实现开花植物的繁殖。"
CN201610660366.0,2014-08-01,CN106150408A,2016-11-23,王伟,257000 山东省东营市东营区钻井路18号,不公告发明人,东营双桥专利代理有限责任公司 37107,张建斌,257000 山东省东营市东营区钻井路18号,不公告发明人,东营双桥专利代理有限责任公司 37107,张建斌,"本发明公开了一种油管井口起下装置,其技术方案是：外支撑架承担驱动装置正常工作时的重量和井下管柱的载荷,当驱动装置需要与在井工作的连续油管脱离时,外支撑架为驱动装置提供卸载条件,完成“驱动装置”与井内工作中的连续油管的脱离或夹持。有益效果是：实现了油管在为井下输送流体的同时,起下装置可以从油管中部任意位置脱离工作中的油管,这样不仅提高了利用率,而且大大方便了在使用中出故障的起下装置的更换和修理。","一种油管井口起下装置,其特征是：包括外支撑架(1)、内支撑架(2)、驱动链轮(3)、夹持链条(4)、驱动马达(5)、张紧支撑轮(6)、夹持液压缸(7)、夹持压紧轮(8)、张紧液压缸(9)、称重机构(10)、鹅颈(11)、井口支架(12)、绷绳(13),所述的外支撑架(1)、内支撑架(2)组成承力支撑架,所述的内支撑架(2)上安装有驱动链轮(3)、夹持链条(4)、驱动马达(5)、夹持液压缸(7)、张紧支撑轮(6)、夹持压紧轮(8)、张紧液压缸(9)、称重机构(10)形成能将连续油管夹持、驱动连续油管在井内上下运动的核心部分；所述的外支撑架(1)上安装有鹅颈(11),并被井口支架(12)和绷绳(13)固定在作业井口的上方,承载连续油管驱动器的重量和驱动器工作时井内连续油管的载荷；所述的外支撑架(1)设有外支撑架开放口(D),内支撑架(2)设有内支撑架开放口(B)；两组驱动马达(5)分别通过两套驱动链轮(3)带动两组夹持链条(4)旋转,且夹持链条(4)内部设有夹持液压缸(7)、张紧支撑轮(6)、夹持压紧轮(8)和张紧液压缸(9),所述的夹持链条(4)上设有半圆形凹槽,两套夹持链条(4)组合在一起形成夹持连续油管的圆形的夹持链条开放口(C)；两组夹持链条(4)的内侧分别设有夹持液压缸(7)和夹持压紧轮(8),夹持压紧轮(8)的外侧与夹持链条(4)接触,夹持压紧轮(8)的内侧与夹持液压缸(7)接触；两组夹持链条(4)的外侧分别设有张紧支撑轮(6)和张紧液压缸(9),所述的张紧支撑轮(6)的外侧与夹持链条(4)接触,张紧支撑轮(6)的内侧与张紧液压缸(9)接触；所述的内支撑架开放口(B)与夹持链条开放口(C)相对,以方便从在井工作的连续油管脱出或再次进入；所述的外支撑架开放口(D)设在鹅颈伸出的背面,以方便内支撑架脱出或再次进入；外支撑架(1)被井口支架(12)和绷绳(13)固定在井口上方,用于承受地面盘管器到井口连续油管的重量,为内支撑架夹持或脱离连续油管提供空间。"
CN201610505985.2,2014-09-03,CN106150360A,2016-11-23,赵慧娜,265400 山东省烟台市招远市河东路水悦逸品1号楼2单元602,岳猛,烟台双联专利事务所(普通合伙) 37225,牟炳彦,265400 山东省烟台市招远市河东路水悦逸品1号楼2单元602,岳猛,烟台双联专利事务所(普通合伙) 37225,牟炳彦,"本发明公开了一种墙面用快速防污染打孔安装多用装置,包括打孔固定装置、伸缩装置和集尘装置,打孔固定装置包括安装座、打孔电机和连接杆,伸缩装置包括伸缩转动支撑架、升降机构和液压装置,安装座设置在打孔电机上与打孔电机输出轴连接,打孔电机通过连接杆与伸缩转动支撑架连接,升降机构固定在伸缩转动支撑架上,液压装置设置在伸缩转动支撑架的下端并与伸缩转动支撑架顶压连接,集尘装置包括接尘盘、吸尘电机、输送管和集尘盒,接尘盘与安装座活动连接,吸尘电机固定在伸缩转动支撑架上靠近安装座处。该装置实现了打孔安装一体化作业,功能多,操作方便,干净卫生,效率高。","一种墙面用快速防污染打孔安装多用装置,其特征在于：包括打孔固定装置(1)、伸缩装置(2)和集尘装置(3),所述的打孔固定装置(1)包括安装座(4)、打孔电机(5)和连接杆(6),所述的伸缩装置(2)包括伸缩转动支撑架(7)、升降机构(8)和液压装置(9),所述的安装座(4)设置在打孔电机(5)上方与打孔电机(5)的输出轴连接,所述的打孔电机(5)通过连接杆(6)与伸缩转动支撑架(7)连接,所述的升降机构(8)固定在伸缩转动支撑架(7)上,所述的液压装置(9)设置在伸缩转动支撑架(7)的下端并与伸缩转动支撑架(7)顶压连接,所述的集尘装置(3)包括接尘盘(10)、吸尘电机(11)、输送管(12)和集尘盒(13),所述的接尘盘(10)与安装座(4)活动连接,所述的吸尘电机(11)固定在伸缩转动支撑架(7)上靠近安装座(4)处,所述的集尘盒(13)固定在伸缩转动支撑架(7)上并且靠近下端设置,所述的接尘盘(10)与集尘盒(13)通过输送管(12)连接；所述的安装座(4)上设置有活动卡座(28),所述的活动卡座(28)上设置有钻头安装孔(29)或者卡箍安装孔(30)。"
CN201610505981.4,2014-09-03,CN106150359A,2016-11-23,赵慧娜,265400 山东省烟台市招远市河东路水悦逸品1号楼2单元602,岳猛,烟台双联专利事务所(普通合伙) 37225,牟炳彦,265400 山东省烟台市招远市河东路水悦逸品1号楼2单元602,岳猛,烟台双联专利事务所(普通合伙) 37225,牟炳彦,"本发明公开了一种建筑用防污染打孔安装多用装置,包括打孔固定装置、伸缩装置和集尘装置,打孔固定装置包括安装座、打孔电机和连接杆,伸缩装置包括伸缩转动支撑架、升降机构和液压装置,安装座设置在打孔电机上与打孔电机输出轴连接,打孔电机通过连接杆与伸缩转动支撑架连接,升降机构固定在伸缩转动支撑架上,液压装置设置在伸缩转动支撑架的下端并与伸缩转动支撑架顶压连接,集尘装置包括接尘盘、吸尘电机、输送管和集尘盒,接尘盘与安装座活动连接,吸尘电机固定在伸缩转动支撑架上靠近安装座处。该装置实现了打孔安装一体化作业,功能多,操作方便,干净卫生,效率高。","一种建筑用防污染打孔安装多用装置,其特征在于：包括打孔固定装置(1)、伸缩装置(2)和集尘装置(3),所述的打孔固定装置(1)包括安装座(4)、打孔电机(5)和连接杆(6),所述的伸缩装置(2)包括伸缩转动支撑架(7)、升降机构(8)和液压装置(9),所述的安装座(4)设置在打孔电机(5)上方与打孔电机(5)的输出轴连接,所述的打孔电机(5)通过连接杆(6)与伸缩转动支撑架(7)连接,所述的升降机构(8)固定在伸缩转动支撑架(7)上,所述的液压装置(9)设置在伸缩转动支撑架(7)的下端并与伸缩转动支撑架(7)顶压连接,所述的集尘装置(3)包括接尘盘(10)、吸尘电机(11)、输送管(12)和集尘盒(13),所述的接尘盘(10)与安装座(4)活动连接,所述的吸尘电机(11)固定在伸缩转动支撑架(7)上靠近安装座(4)处,所述的集尘盒(13)固定在伸缩转动支撑架(7)上并且靠近下端设置,所述的接尘盘(10)与集尘盒(13)通过输送管(12)连接；接尘盘(10)的下方设置有漏斗结构,所述的接尘盘(10)上设置有若干漏尘孔(31)和照明二极管(32),所述的输送管(12)与漏斗结构的下端密封连接,所述的照明二极管(32)与电源连接；所述集尘盒(13)为密封盒体,集尘盒(13)上设置有出尘口,所述的伸缩转动支撑架(7)上设置有集尘盒架(37),所述的集尘盒(13)活动设置在集尘盒架(37)上。"
CN201610505973.X,2014-09-03,CN106150358A,2016-11-23,赵慧娜,265400 山东省烟台市招远市河东路水悦逸品1号楼2单元602,岳猛,烟台双联专利事务所(普通合伙) 37225,牟炳彦,265400 山东省烟台市招远市河东路水悦逸品1号楼2单元602,岳猛,烟台双联专利事务所(普通合伙) 37225,牟炳彦,"本发明公开了一种省力防污染快速打孔安装多用装置,包括打孔固定装置、伸缩装置和集尘装置,打孔固定装置包括安装座、打孔电机和连接杆,伸缩装置包括伸缩转动支撑架、升降机构和液压装置,安装座设置在打孔电机上与打孔电机输出轴连接,打孔电机通过连接杆与伸缩转动支撑架连接,升降机构固定在伸缩转动支撑架上,液压装置设置在伸缩转动支撑架的下端并与伸缩转动支撑架顶压连接,集尘装置包括接尘盘、吸尘电机、输送管和集尘盒,接尘盘与安装座活动连接,吸尘电机固定在伸缩转动支撑架上靠近安装座处。该装置实现了打孔安装一体化作业,功能多,操作方便,干净卫生,效率高。","一种省力防污染快速打孔安装多用装置,其特征在于：包括打孔固定装置(1)、伸缩装置(2)和集尘装置(3),所述的打孔固定装置(1)包括安装座(4)、打孔电机(5)和连接杆(6),所述的伸缩装置(2)包括伸缩转动支撑架(7)、升降机构(8)和液压装置(9),所述的安装座(4)设置在打孔电机(5)上方与打孔电机(5)的输出轴连接,所述的打孔电机(5)通过连接杆(6)与伸缩转动支撑架(7)连接,所述的升降机构(8)固定在伸缩转动支撑架(7)上,所述的液压装置(9)设置在伸缩转动支撑架(7)的下端并与伸缩转动支撑架(7)顶压连接,所述的集尘装置(3)包括接尘盘(10)、吸尘电机(11)、输送管(12)和集尘盒(13),所述的接尘盘(10)与安装座(4)活动连接,所述的吸尘电机(11)固定在伸缩转动支撑架(7)上靠近安装座(4)处,所述的集尘盒(13)固定在伸缩转动支撑架(7)上并且靠近下端设置,所述的接尘盘(10)与集尘盒(13)通过输送管(12)连接；所述的伸缩转动支撑架(7)包括内支撑架(14)、外支撑架(15)和转动座(16),所述的内支撑架(14)和外支撑架(15)滑动连接,所述的转动座(16)设置在外支撑架(15)的内部并与内支撑架(14)转动连接,所述的打孔电机(5)通过连接杆(6)与内支撑架(14)连接,所述的升降机构(8)包括升降齿条(17)、齿轮(18)和转动手柄(19),所述的升降齿条(17)固定在内支撑架(14)上,所述的齿轮(18)固定在外支撑架(15)上并与升降齿条(17)相啮合,所述的转动手柄(19)与齿轮(18)固定连接,外支撑架(15)上对应于升降齿条(17)设置有刻度尺(20)；所述的安装座(4)上设置有活动卡座(28),所述的活动卡座(28)上设置有钻头安装孔(29)或者卡箍安装孔(30)。"
CN201480073886.0,2014-11-04,CN106164173A,2016-11-23,科思创聚合物(中国)有限公司,201507 上海市漕泾上海化学工业区目华路82号,M.埃尔克伦斯;T.库尔曼;王雷;任宇,中国专利代理(香港)有限公司 72001,张华;林森,201507 上海市漕泾上海化学工业区目华路82号,M.埃尔克伦斯;T.库尔曼;王雷;任宇,中国专利代理(香港)有限公司 72001,张华;林森,"提供了玻璃纤维增强的聚碳酸酯组合物,所述聚碳酸酯组合物具有高刚度并具有改进的热和流变行为,还具有改进的阻燃特性。所述组合物可以用于生产模塑制品,特别是在EE和IT领域中的具有1.0#mm至0.75#mm壁厚的薄壁外壳部件或者开关盒,其同时还符合防火分类UL#94#V1、优选V0的要求。","聚碳酸酯组合物,其包含：A)#10至78重量份的至少一种热塑性芳族聚碳酸酯,B)#15至60重量份的至少一种玻璃纤维,C)#0至15重量份的至少一种层状填料,D)#5至15重量份的至少一种具有通式(I)的磷化合物,"
CN201480071389.7,2014-10-29,CN106170470A,2016-11-30,尊贵科学有限公司,爱尔兰都柏林,M・曼库;D・科兰;B・道恩斯,中国国际贸易促进委员会专利商标事务所 11038,于巧玲,爱尔兰都柏林,M・曼库;D・科兰;B・道恩斯,中国国际贸易促进委员会专利商标事务所 11038,于巧玲,"本公开提供从相应的脂肪酸(例如,分别是二高#γ#亚麻酸(DGLA)或二十碳五烯酸(EPA))制造15#羟基脂肪酸衍生物、例如15#(S)#羟基二十碳三烯酸(HETrE或15#(S)#HETrE)或15(S)#羟基二十碳五烯酸(HEPE或15(S)#HEPE)的方法。在一些实施方案中,所述方法包括在单个反应容器中使所述脂肪酸与氧化剂(例如,脂氧合酶和氧气)在还原剂(例如,半胱氨酸)存在下接触以形成15#羟基脂肪酸衍生物。","一种制备脂肪酸的15#羟基衍生物的方法,其中使用半胱氨酸作为还原剂。"
CN201610435623.0,2014-10-08,CN106146592A,2016-11-23,常州大学,213016 江苏省常州市武进区韬路1号,吴卫忠;蒋澄宇,,,213016 江苏省常州市武进区韬路1号,吴卫忠;蒋澄宇,,,"本发明提供了一种合成睾酮方法,包括：步骤1,将雄烯二酮溶解于5#15倍(重量比)的混合溶剂体系中,冷却到#10℃以下；步骤2,将硼氢化钾溶解在8#15倍(重量比)的纯水中；步骤3,将步骤2配置的溶液加到5#15倍(重量比)步骤1获得的、#5℃至#10℃的料液中；步骤4,在#5℃至#10℃条件下反应至雄烯二酮反应完全,加入重量为所述硼氢化钾的15#40％的冰乙酸,以破坏过量的硼氢化钾,然后减压回收溶剂,加水,过滤,得粗品；步骤5,粗品经乙醇重结晶得睾酮精品。","一种合成睾酮的方法,其特征在于包括：步骤1,将雄烯二酮溶解于5倍(重量比)的混合溶剂体系中,冷却到#10℃以下；步骤2,将硼氢化钾溶解在8倍(重量比)的纯水中；步骤3,将步骤2配置的溶液加到10倍(重量比)步骤1获得的、#10℃的料液中；具体是将配置的溶液用蠕动泵按0.4ml/min加到步骤1获得的料液中；步骤4,加毕,在#10℃条件下反应至雄烯二酮反应完全,加入重量为所述硼氢化钾的40％的冰乙酸,以破坏过量的硼氢化钾,然后减压回收溶剂,加重量为雄烯二酮18倍的水,过滤,固体真空干燥得粗品；步骤5,用15倍重量的无水乙醇溶解粗品,加入3.6wt％的活性炭脱色,趁热过滤,减压浓缩出85wt％的乙醇,冷冻,结晶,过滤,冷冻的无水乙醇洗涤,80℃真空干燥,得白色结晶,即得睾酮精品。"
CN201480076276.6,2014-12-19,CN106170468A,2016-11-30,英国石油有限公司,英国伦敦,M.博夫,中国专利代理(香港)有限公司 72001,周齐宏;杨思捷,英国伦敦,M.博夫,中国专利代理(香港)有限公司 72001,周齐宏;杨思捷,"提供了一种降低包含至少一种具有1至4个碳原子的醇、水和至少一种具有1至4个碳原子的羧酸的醇组合物的水和羧酸含量的方法,其中所述方法包括：(a)#由所述醇组合物形成气相醇组合物A和液相醇组合物B；(b)#在蒸馏塔中从液相醇组合物B中分离第二气相醇组合物C和水相D,其中所述水相D含有液相醇组合物B中存在的大部分羧酸；(c)#将气相醇组合物A送往包含干燥剂的干燥单元；(d)#将气相醇组合物C送往包含干燥剂的干燥单元；和(e)#从步骤(c)的干燥单元和步骤(d)的干燥单元中回收醇组合物；其中步骤(e)的回收的醇组合物具有降低的水和羧酸含量。","一种降低包含至少一种具有1至4个碳原子的醇、水和至少一种具有1至4个碳原子的羧酸的醇组合物的水和羧酸含量的方法,其中所述方法包括：(a)#由所述醇组合物形成气相醇组合物A和液相醇组合物B；(b)#在蒸馏塔中从液相醇组合物B中分离第二气相醇组合物C和水相D,其中所述水相D含有液相醇组合物B中存在的大部分羧酸；(c)#将气相醇组合物A送往包含干燥剂的干燥单元；(d)#将气相醇组合物C送往包含干燥剂的干燥单元；和(e)#从步骤(c)的干燥单元和步骤(d)的干燥单元中回收醇组合物；其中步骤(e)的回收的醇组合物具有降低的水和羧酸含量。"
CN201480076275.1,2014-12-19,CN106170467A,2016-11-30,英国石油有限公司,英国伦敦,C.贝利;L.W.博尔顿,中国专利代理(香港)有限公司 72001,周齐宏;杨思捷,英国伦敦,C.贝利;L.W.博尔顿,中国专利代理(香港)有限公司 72001,周齐宏;杨思捷,"由乙酸和氢气生产乙醇的方法,所述方法包括：在酯化反应容器中使甲醇与乙酸在酯化催化剂和夹带剂存在下反应以形成包含夹带剂、乙酸甲酯和水的产物,和在蒸馏塔中从所述产物中回收包含乙酸甲酯、甲醇和水的塔顶产物馏分；将所述塔顶产物馏分与氢气一起进料到含有基于铜的氢化催化剂的氢化单元中,以产生包含乙醇、甲醇、未反应的乙酸甲酯、未反应的氢气、乙酸乙酯和水的氢化产物物流；冷却所述氢化产物物流；将所述冷却的氢化产物物流分离成包含大部分甲醇、乙醇、乙酸甲酯、乙酸乙酯和水的液相和包含大部分未反应的氢气的气相；将至少一部分所述气相再循环至氢化单元；从所述液相中分离包含甲醇、乙酸甲酯和乙酸乙酯的沸点较低的产物物流和包含乙醇、水的沸点较高的产物物流；将至少一部分沸点较低的产物物流再循环至酯化反应容器；和任选从所述沸点较高的产物物流中除去水。","一种由乙酸和氢气生产乙醇的方法,所述方法包含下列步骤：(1)#在酯化反应容器中在升高的温度下使甲醇与乙酸在酯化催化剂和微溶于水并与其形成最低沸点共沸混合物的夹带剂存在下反应以形成包含夹带剂、乙酸甲酯和水的产物,和在蒸馏塔中从所述产物中回收包含乙酸甲酯、甲醇和水的塔顶产物馏分,和从所述塔中的中间点取出包含水、甲醇、夹带剂和乙酸甲酯的液体侧流馏分,其中所述酯化反应容器中乙酸与甲醇的摩尔比为1:1.1至1:1.8,优选1:1.2至1:1.6,且所述蒸馏塔在最多5#bara,优选最多3#bara,更优选最多2#bara的总压力下操作,且其中包含乙酸甲酯、甲醇和水的塔顶产物馏分中存在的水量为0.5至5摩尔%；(2)#将来自步骤1的包含乙酸甲酯、甲醇和水的塔顶产物馏分与氢气一起进料到含有基于铜的氢化催化剂的氢化单元中,其中所述氢化单元在气相中在升高的温度,优选在180至270℃的温度下和升高的压力,优选在20至100#bara的压力下操作,以产生包含乙醇、甲醇、未反应的乙酸甲酯、未反应的氢气、乙酸乙酯和水的氢化产物物流,其中所述氢化单元中氢气与乙酸甲酯的总摩尔比为5:1至20:1；(3)#将来自步骤2的氢化产物物流冷却到低于120℃的温度,优选冷却到低于80℃的温度和比所述氢化单元的压力低不大于10巴,优选比所述氢化单元的压力低不大于5巴的压力,以使所述氢化产物物流中存在的大部分甲醇、乙醇、乙酸甲酯、乙酸乙酯和水冷凝；(4)#将来自步骤3的冷却的氢化产物物流分离成包含大部分甲醇、乙醇、乙酸甲酯、乙酸乙酯和水的液相和包含大部分未反应的氢气的气相；(5)#将至少一部分来自步骤4的气相,优选至少80体积%的来自步骤4的气相,更优选至少90体积%的来自步骤4的气相,最优选至少95体积%的来自步骤4的气相再循环至步骤2的氢化单元；(6)#在最多5#bara,优选最多3#bara的总压力下操作的蒸馏塔中从步骤4的液相中分离包含甲醇、乙酸甲酯和乙酸乙酯的沸点较低的产物物流和包含乙醇、水的沸点较高的产物物流；(7)#将至少一部分来自步骤6的沸点较低的产物物流,优选至少80体积%的来自步骤6的沸点较低的产物物流,更优选至少90体积%的来自步骤6的沸点较低的产物物流,最优选至少95体积%的来自步骤6的沸点较低的产物物流再循环至步骤1的酯化反应容器；和(8)#任选从步骤6的沸点较高的产物物流中除去水。"
CN201480055038.7,2014-10-02,CN106170456A,2016-11-30,中央研究院;牟中原,中国台湾台北市南港区研究院路2段128号,陈长谦;俞圣法;P・纳加巴布;S・马伊;陈炳宇;R・拉姆;牟中原;刘之诚,北京律盟知识产权代理有限责任公司 11287,林斯凯,中国台湾台北市南港区研究院路2段128号,陈长谦;俞圣法;P・纳加巴布;S・马伊;陈炳宇;R・拉姆;牟中原;刘之诚,北京律盟知识产权代理有限责任公司 11287,林斯凯,"本发明系关于分子催化剂及利用该等分子催化剂之化学反应,且特定言之,系关于用于有效催化氧化碳氢化合物(诸如来自天然气之碳氢化合物)的分子催化剂。本文所提供的分子催化性平台可在例如环境条件下(如接近室温及大气压力)轻易氧化碳氢化合物。","一种氧化碳氢化合物以产生氧化产物的催化方法,该方法包含以下步骤：使该碳氢化合物与铜催化剂在氧化剂存在下接触；由此产生该氧化产物；及再生该铜催化剂；其中该铜催化剂包含三铜错合物,其包含三个Cu离子及具有下式(FX1)之配位体(L)："
CN201480077576.6,2014-03-27,CN106164159A,2016-11-23,电化株式会社,日本东京都,碇怜;阿部靖,北京林达刘知识产权代理事务所(普通合伙) 11277,刘新宇;李茂家,日本东京都,碇怜;阿部靖,北京林达刘知识产权代理事务所(普通合伙) 11277,刘新宇;李茂家,"本发明提供成形加工性良好、可得到耐热性及臭氧性优异的硫化物的橡胶组合物、其制造方法及硫化物。添加包含氯丁二烯橡胶50～90质量％和氯化聚乙烯10～50质量％的共混胶100质量份、用于使氯丁二烯橡胶及氯化聚乙烯硫化的一次硫化剂4.5～15质量份、用于使氯丁二烯橡胶硫化的二次硫化剂0.5～3.5质量份,从而制成橡胶组合物。二次硫化剂与一次硫化剂同时添加或比一次硫化剂后添加。一次硫化剂使用选自氧化镁、氧化钙、氧化钾及水滑石中的至少1种氧化物,二次硫化剂使用选自氧化锌、氧化铁、氧化铅及氧化钛中的至少1种氧化物。","一种橡胶组合物,其含有：包含氯丁二烯橡胶50～90质量％和氯化聚乙烯10～50质量％的共混胶100质量份、用于使所述共混胶中的氯丁二烯橡胶及氯化聚乙烯硫化的一次硫化剂4.5～15质量份、以及与所述一次硫化剂同时添加或比所述一次硫化剂后添加、用于使所述共混胶中的氯丁二烯橡胶硫化的二次硫化剂0.5～3.5质量份,所述一次硫化剂为选自氧化镁、氧化钙、氧化钾及水滑石中的至少1种氧化物,所述二次硫化剂为选自氧化锌、氧化铁、氧化铅及氧化钛中的至少1种氧化物。"
CN201610546250.4,2014-03-28,CN106146473A,2016-11-23,宁波市方昌医药有限公司,315100 浙江省宁波市鄞州区钱湖北路958号1206室,侯睿;罗红蓉,成都高远知识产权代理事务所(普通合伙) 51222,李高峡;左翔,315100 浙江省宁波市鄞州区钱湖北路958号1206室,侯睿;罗红蓉,成都高远知识产权代理事务所(普通合伙) 51222,李高峡;左翔,"本发明提供了一种抗血管新生的新化合物及其制备方法和用途。本发明化合物具有良好的抗血管新生作用,初步认为该类化合物是通过抑制VEGFR2(即KDR)产生活性的。该类化合物可用于对新生血管、VEGFR2、PDGFR#β、KIT等蛋白激酶异常所致疾病的治疗,如湿性黄斑变性、恶性肿瘤等。","式Ⅱ或式Ⅲ所示的化合物及其药学上可接受的盐或前体药物,："
CN201410578792.0,2014-10-24,CN106147273A,2016-11-23,西安隆美尔臣电子科技有限责任公司,710065 陕西省西安市高新区科技五路以北橡树星座第1幢2单元26层22604号房c-30,韩飞,,,710065 陕西省西安市高新区科技五路以北橡树星座第1幢2单元26层22604号房c-30,韩飞,,,"一种添加碳纤维的高耐热合成材料,按重量组份取热固性树脂35～58,碳纤维25～42,发泡剂3～11,增塑剂2～7,抗氧剂5～16,在低速混合机中以100～200rpm的速度搅拌混匀5～10分钟；将混合均匀的共混物投入聚合反应釜中,温度升至100～150℃,加热时间为3～10分钟,将干燥好的共混料螺杆挤出机中挤出,过滤和干燥即可。热固性树脂的优点是耐热性高,受压不易变形,碳纤维比强度高,比模量高。同时可以缓解大量非降解合成高分子材料废弃物造成的环境污染,其制品使用后完全降解且环境友好,可广泛地用于建筑材料领域,提高了使用率,填补了市场空白。","一种添加碳纤维的高耐热合成材料,其特征是,按重量组份取热固性树脂35～58,碳纤维25～42,发泡剂3～11,增塑剂2～7,抗氧剂5～16,在低速混合机中以100～200rpm的速度搅拌混匀5～10分钟；将混合均匀的共混物投入聚合反应釜中,温度升至100～150℃,加热时间为3～10分钟,将干燥好的共混料螺杆挤出机中挤出,过滤和干燥即可。"
CN201480074251.2,2014-12-17,CN106163661A,2016-11-23,NGT全球股份公司,瑞士楚格,I・I・利希涅尔;O・V・马洛瓦;A・L・塔拉索夫,永新专利商标代理有限公司 72002,过晓东;谭邦会,瑞士楚格,I・I・利希涅尔;O・V・马洛瓦;A・L・塔拉索夫,永新专利商标代理有限公司 72002,过晓东;谭邦会,"本发明涉及加工烃原料的技术,尤其涉及用于芳香化C",用于芳香化C
CN201410643158.0,2014-11-13,CN106146902A,2016-11-23,西安伟琪环保科技有限责任公司,710075 陕西省西安市高新区丈八五路高科尚都第4幢1-10812号房,解兴伟,,,710075 陕西省西安市高新区丈八五路高科尚都第4幢1-10812号房,解兴伟,,,"本发明公开了新型全降解环保塑料及其生产方法,包括以下重量份的原料：淀粉40#60份,纳米碳酸钙2#3份,聚丙烯热熔胶8#10份,木屑5#8份,增塑剂15#18份,降解控制剂5#11份,乙烯共聚物弹性体5#9份,聚己内酶与聚羟基丁酸酯与几丁质几丁聚糖醇共聚物10#22份。本发明的塑料添加有降解控制剂,可以促进塑料进行全降解；本发明生产方法操作简单,原料来源广。","新型全降解环保塑料,其特征在于,包括以下重量份的的原料：淀粉40#60份,纳米碳酸钙2#3份,聚丙烯热熔胶8#10份,木屑5#8份,增塑剂15#18份,降解控制剂5#11份,乙烯共聚物弹性体5#9份,聚己内酶与聚羟基丁酸酯与几丁质几丁聚糖醇共聚物10#22份。"
CN201480072477.9,2014-11-07,CN106170898A,2016-11-30,镁可微波技术有限公司,美国马萨诸赛州,A・A・贝法尔;C・史塔加尔斯库;N・S-K・邝,上海专利商标事务所有限公司 31100,姬利永,美国马萨诸赛州,A・A・贝法尔;C・史塔加尔斯库;N・S-K・邝,上海专利商标事务所有限公司 31100,姬利永,披露了一种连同半导体激光器一起对激光束进行整形并且修改该激光束的方向的反射表面。可以在邻近激光器结构设置的结构上形成该反射表面以允许将激光高耦合到例如硅光子芯片或光纤。,"一种半导体激光器,包括：衬底；在所述衬底上的激光器结构,所述激光器结构包括发射光的有源区；形成在所述激光器结构中的蚀刻端面,所述蚀刻端面暴露所述有源区的至少一部分；以及邻近所述蚀刻端面设置以接收和反射从所述有源区发射的光的反射表面,所述反射表面具有曲率。"
CN201480076545.9,2014-09-04,CN106165220A,2016-11-23,株式会社东芝,日本东京都,薮原秀彦,永新专利商标代理有限公司 72002,徐殿军,日本东京都,薮原秀彦,永新专利商标代理有限公司 72002,徐殿军,实施方式的半导体激光装置具有多个第1单位层叠体和多个第2单位层叠体。多个第1单位层叠体具有包含第1量子阱层且能够通过子带间跃迁发出第1红外线激光的发光区域、以及能够将上述发光区域中向微带能级弛豫的电子向下游侧的单位层叠体输送的电子注入区域。多个第2第2单位层叠体具有包含第2量子阱层且能够通过子带间跃迁发出第2红外线激光的发光区域、以及能够将第2量子阱层的发光区域中向微带能级弛豫的电子向下游侧的单位层叠体输送的电子注入区域。第2量子阱层具有至少一个与第1量子阱层的阱宽度不同的阱宽度。第1单位层叠体与第2单位层叠体具有空间的周期性而层叠。,"一种半导体激光装置,具备：多个第1单位层叠体,具有包含第1量子阱层且能够通过子带间跃迁发出第1红外光的发光区域、以及能够将上述发光区域中向微带能级弛豫的电子向下游侧的单位层叠体输送的电子注入区域；以及多个第2单位层叠体,具有包含第2量子阱层且能够通过子带间跃迁发出第2红外光的发光区域、以及能够将上述第2量子阱层的上述发光区域中向微带能级弛豫的电子向下游侧的单位层叠体输送的电子注入区域,上述第2量子阱层具有至少一个与上述第1量子阱层的阱宽度不同的阱宽度；第1单位层叠体与第2单位层叠体具有空间的周期性而层叠。"
CN201480077863.7,2014-05-22,CN106164407A,2016-11-23,哈里伯顿能源服务公司,美国得克萨斯州,陈世林;M・E・威廉姆斯,上海专利商标事务所有限公司 31100,丁晓峰,美国得克萨斯州,陈世林;M・E・威廉姆斯,上海专利商标事务所有限公司 31100,丁晓峰,"本公开涉及一种混合钻头,其包括：钻头主体,在所述钻头主体的中心处具有中心钻头主体轴线；刀片,其在所述钻头主体上,所述刀片从所述钻头主体的一个末端延伸；以及牙轮圆盘,其围绕所述钻头主体的所述末端可旋转地联接到所述钻头主体以在牙轮圆盘轴线上旋转。所述牙轮圆盘轴线朝向所述中心钻头主体轴线延伸,且所述刀片包含多个固定切削元件。","一种混合钻头,包括：钻头主体,其界定中心钻头主体轴线；刀片,其在所述钻头主体上,所述刀片从所述钻头主体的一个末端延伸,所述刀片包括多个固定切削元件；以及牙轮圆盘,其围绕所述钻头主体的所述末端可旋转地联接到所述钻头主体以在牙轮圆盘轴线上旋转,所述牙轮圆盘轴线朝向所述中心钻头主体轴线延伸。"
CN201480077078.1,2014-04-29,CN106164406A,2016-11-23,哈里伯顿能源服务公司,美国得克萨斯州,M・J・斯特罗恩,上海专利商标事务所有限公司 31100,丁晓峰,美国得克萨斯州,M・J・斯特罗恩,上海专利商标事务所有限公司 31100,丁晓峰,"公开了一种用于钻探的系统和方法,所述系统包括具有至少一个钻杆的钻柱、井底总成和钻头。所述井底总成包括用于旋转所述钻头的井下泥浆马达,以及耦接在所述泥浆马达与所述钻杆之间的导向马达。所述井下泥浆马达包括弯曲外壳。所述钻杆连续旋转以最小化摩擦,不管所述钻头是否通过使用旋转钻探或者利用所述井下泥浆马达的钻探来转动。可通过在所述钻杆速度下但是在相对的旋转方向上操作所述导向马达来控制工具面定向,从而保持所述泥浆马达和弯曲外壳相对于地层静止。可增加或减小导向马达速度以调整工具面定向。","一种钻探系统,其包括：钻柱,其包括至少一个钻杆和钻头；第一马达,其沿所述钻柱运送并且在所述至少一个钻杆与所述钻头之间耦接,以便相对于所述至少一个钻杆在第一方向上选择性地旋转所述钻头,所述第一马达包括弯曲外壳,以及导向马达,其耦接在所述第一马达与所述至少一个钻杆之间,以便在与所述第一方向相对的第二方向上选择性地旋转所述第一马达。"
CN201610532349.9,2014-08-28,CN106148521A,2016-11-23,广州和实生物技术有限公司,510665 广东省广州市经济技术开发区荔枝山路6号1号楼510室,陈嘉昌;陈华云;肖湘文;丁渭;刘淑园;张天海;黄爽,广州嘉权专利商标事务所有限公司 44205,胡辉;许飞,510665 广东省广州市经济技术开发区荔枝山路6号1号楼510室,陈嘉昌;陈华云;肖湘文;丁渭;刘淑园;张天海;黄爽,广州嘉权专利商标事务所有限公司 44205,胡辉;许飞,"本发明公开了一种多点突变单管快速检测方法及试剂盒。多点突变单管快速检测方法,包括：1)设计ARMS引物及对应的下游引物、中介连接引物、通用荧光探针及其淬灭探针；2)将ARMS引物及对应的下游引物、中介连接引物、通用荧光探针及其淬灭探针与热启动快速Taq酶系统混合,扩增；3)检测反应体系的荧光变化,确定是否存在点突变。本发明的发明,操作简单,可以定性检测出多点突变的存在。本发明的检测方法中使用的引物设计难度低,大幅降低了引物合成的成本；克服了现有ARMS技术的局限性,大大提高了其检测通量；实现了1管反应取代了之前的多管检测,节省人力物力。","多点突变单管快速检测方法,包括如下步骤：1)针对不同点突变的ARMS引物及对应的下游引物、中介连接引物、通用荧光探针及其淬灭探针；其中,中介连接引物由通用序列部分和特异序列部分构成,通用序列部分与通用荧光探针部分序列互补,特异序列部分与点突变下游的部分序列互补；2)RMS引物及对应的下游引物、中介连接引物、通用荧光探针及其淬灭探针与热启动快速Taq酶系统混合,扩增；3)反应体系的荧光变化,确定是否存在点突变。"
CN201480077566.2,2014-09-16,CN106165125A,2016-11-23,光州科学技术院,韩国光州市,李东宣;孔得照;姜昌模;李俊烨,北京品源专利代理有限公司 11332,吕琳;杨生平,韩国光州市,李东宣;孔得照;姜昌模;李俊烨,北京品源专利代理有限公司 11332,吕琳;杨生平,"本发明提供发光二极管及其制备方法。详细地,可提供如下的发光二极管：所述发光二极管的特征在于,包括：第一发光结构体,由形成于基板上的第一n#GaN层、第一活性层、第一p#GaN层依次层叠而成；第一n型电极,形成于第一n#GaN层的上部的一侧；电流扩散层,配置有形成于所述第一发光结构体上的至少一个孔；第二发光结构体,由第二p#GaN层、第二活性层及第二n#GaN层依次层叠而成,所述第二p#GaN层形成于配置有所述导电层的至少一个孔的区域,所述第二活性层形成于上述第二p#GaN层上；所述第二p#GaN层是借助所述导电层的至少一个孔使上述第一p#GaN层再生长而形成的。在本发明中,在一个发光二极管配置可具有两种以上的波长的多个发光结构体,从而可提供能够释放所需颜色的光的高像素、高亮度的发光二极管。","一种发光二极管,其特征在于,包括：第一发光结构体,由形成于基板上的第一n#GaN层、第一活性层、第一p#GaN层依次层叠而成；导电层,配置有形成于所述第一发光结构体上的至少一个孔；第二发光结构体,由第二p#GaN层、第二活性层及第二n#GaN层依次层叠而成,所述第二p#GaN层形成于配置有所述导电层的至少一个孔的区域,所述第二活性层形成于所述第二p#GaN层上,所述第二p#GaN层是借助所述导电层的至少一个孔使所述第一p#GaN层再生长而形成的。"
CN201480075721.7,2014-12-22,CN106170561A,2016-11-30,莱恩进公司,美国犹他州,查尔斯・H・亨舍尔,北京英赛嘉华知识产权代理有限责任公司 11204,王达佐;洪欣,美国犹他州,查尔斯・H・亨舍尔,北京英赛嘉华知识产权代理有限责任公司 11204,王达佐;洪欣,"用于检测单核苷酸多态性(SNP)的方法和组合物,以确定受试者是否患有自闭症谱系障碍(ASD),是否可能发展ASD,或将受试者归类为具有特定的ASD亚型。将一个或多个SNP的存在和/或不存在与至少一个样本训练集中SNP的存在和/或不存在相比较,其中比较步骤包括应用统计算法,这种统计算法包括确定获自样本的SNP数据与来自至少一个训练集的SNP数据之间的相关性。","一种将来自人类受试者的样本诊断为ASD阳性或ASD阴性的方法,其包括在核酸水平上通过使用对表1、表2、表3、表6或表7中的一个或多个单核苷酸多态性(SNP)分类器生物标志物具特异性的引物进行聚合酶链反应(PCR)来检测所述分类器生物标志物的存在；将表1、表2、表3、表6或表7的所述一个或多个SNP分类器生物标志物的存在和/或不存在与至少一个样本训练集中所述SNP分类器生物标志物的存在和/或不存在相比较,其中所述至少一个样本训练集包含(i)来自ASD阳性样本的表1、表2、表3、表6或表7的所述一个或多个SNP分类器生物标志物的存在和/或不存在的数据,或(ii)来自ASD阴性样本的表1、表2、表3、表6或表7的所述一个或多个SNP分类器生物标志物的存在和/或不存在的数据,并且所述比较步骤包括应用统计算法,所述统计算法包括确定获自所述样本的所述SNP分类器生物标志物数据与来自所述至少一个训练集的所述SNP分类器生物标志物数据之间的相关性；以及基于所述统计算法的结果将所述样本诊断为ASD阳性或ASD阴性。"
CN201480071698.4,2014-10-29,CN106170560A,2016-11-30,长角牛疫苗和诊断有限责任公司,美国马里兰州,L.T.道姆;G.W.费希尔,中国专利代理(香港)有限公司 72001,罗文锋;彭昶,美国马里兰州,L.T.道姆;G.W.费希尔,中国专利代理(香港)有限公司 72001,罗文锋;彭昶,"本发明公开了增强的用于通过半导体测序,优选地离子激流测序快速和成本有效地分析微生物序列的方法。所述方法提供多个基因组的多个区域(例如基因)的全长分析。这些方法鉴定导致赋予对抗生素或其它化合物的抗性或敏感性的特定基因的基因突变。特定生物体的多个不同种类、菌株和/或血清型被快速和有效地筛查并且突变随同生物体的完整基因组一起被鉴定。通过选择产生具有跨越整个基因组的序列的扩增子的相似大小和GC含量的引物对,通过离子激流方法学分析的单个PCR反应可测定完整基因组的序列。所述方法可用于测序病毒物质例如流感病毒和细菌物质例如结核病细菌的基因组。","一种快速和灵敏的鉴定生物体的核酸序列基序的方法,包括：提供多个核酸样品,其中各个样品从生物体的不同菌株或血清型获得；通过PCR扩增所述多个核酸样品的序列；通过下一代测序获得所扩增序列的序列信息；从获得的序列信息确定至少一个菌株或血清型的基因组中的多态性；和将所述鉴定的多态性与所述至少一个菌株或血清型的表型或基因组定位关联以鉴定该基序。"
CN201480071229.2,2014-12-19,CN106170559A,2016-11-30,豪夫迈・罗氏有限公司,瑞士巴塞尔,D.布格斯;J.诺顿;T.里奇蒙德;J.温德特,中国专利代理(香港)有限公司 72001,梁谋;石克虎,瑞士巴塞尔,D.布格斯;J.诺顿;T.里奇蒙德;J.温德特,中国专利代理(香港)有限公司 72001,梁谋;石克虎,"本发明包括通过评价DNA甲基化状态,用于评价基因组功能的表观遗传调节的系统、试剂盒和方法。本发明包括转换随后捕获方法,其中未甲基化的胞嘧啶残基首先转换为尿嘧啶残基,并且随后捕获靶DNA用于后续分析。该方法使用新型捕获探针库用于溶液相捕获。","一种溶液相捕获探针库,其用于捕获目的核酸序列,所述探针库包括三类捕获探针：其中第一类是可以与仅含有尿嘧啶残基代替可甲基化的胞嘧啶残基的目的序列杂交的探针；其中第二类是可以与仅含有胞嘧啶残基代替可甲基化的胞嘧啶残基的目的序列杂交的探针；和其中第三类是可以与含有尿嘧啶残基代替一些可甲基化的胞嘧啶残基且含有胞嘧啶残基代替其他可甲基化的胞嘧啶残基的目的序列杂交的探针。"
CN201480070218.2,2014-10-21,CN106170558A,2016-11-30,金圣千,"韩国首尔特别市西大门区公园的独立门道17,110洞202",金圣千,北京科龙寰宇知识产权代理有限责任公司 11139,孙皓晨,"韩国首尔特别市西大门区公园的独立门道17,110洞202",金圣千,北京科龙寰宇知识产权代理有限责任公司 11139,孙皓晨,"本发明涉及利用寡核苷酸的生物分子的分析方法,具体地,提供从包含有核酸及受体#分析配体复合物等的靶核酸的核酸中制备与靶核酸的特定区域完整地互补结合的寡核苷酸,来分析靶核酸,从而通过一次检查来分析包含于生物试样的生物分子,由此在生物试样中确认生物分子的生物学意义的方法及装置。","一种利用寡核苷酸的生物分子的分析方法及装置,其特征在于,通过核酸分析方法分析所要分析的试样中的包含蛋白质的两个或者两个以上的生物分子。"
CN201480063481.9,2014-11-21,CN106170557A,2016-11-30,古斯达威罗斯研究所,法国维勒瑞夫,L・齐特沃吉尔;I・贡珀茨博内卡;P・勒帕热;S・维奥;R・达耶尔,中国国际贸易促进委员会专利商标事务所 11038,罗菊华,法国维勒瑞夫,L・齐特沃吉尔;I・贡珀茨博内卡;P・勒帕热;S・维奥;R・达耶尔,中国国际贸易促进委员会专利商标事务所 11038,罗菊华,"本发明提供了用于确定患者是否可能从癌症治疗受益的方法,其通过确定所述患者是否具有呈现出某些细菌种过量的肠道生态失调来进行确定。本发明还提供了益生菌株,以提高有此需要的患者中癌症治疗(尤其是化疗)的效力。","一种益生菌组合物,其包含选自海氏肠球菌(Enterococcus#hirae)、约氏乳杆菌(Lactobacillus#johnsonii)、分节丝状菌(SFB)、紫单胞菌属(Porphyromonas)、厌氧杆菌属(Barnesiella)、霍尔德曼氏菌属(Holdemania)及其混合物的细菌,所述益生菌组合物用作向癌症患者施用的抗肿瘤治疗的佐剂。"
CN201480043315.2,2014-07-30,CN106170556A,2016-11-30,益生菌股份公司,意大利诺瓦拉,G・莫格纳,北京三友知识产权代理有限公司 11127,庞东成;褚瑶杨,意大利诺瓦拉,G・莫格纳,北京三友知识产权代理有限公司 11127,庞东成;褚瑶杨,"本发明涉及一种旨在用于生产食物和药物工业的原料及成品的方法,如通过创新性的基于益生菌的毒性的测试方法所检测的,所述原料及成品无任何针对益生菌的毒性。","一种用于生产无毒食物或药物原料的方法,所述方法包括其中使所述原料与预设定细菌载量的益生菌菌株接触的第一步骤,和确定因所述原料针对所述益生菌菌株发挥的毒性而造成的所述细菌载量的减少的第二步骤。"
CN201480074273.9,2014-11-27,CN106170552A,2016-11-30,卡洛斯三世心血管研究国家中心基金会(CNIC),西班牙马德里,胡安・卡洛斯・拉米雷斯・马丁内斯;劳尔・托雷斯・鲁伊斯;阿伊达・加西亚・托拉尔巴,北京聿宏知识产权代理有限公司 11372,吴大建,西班牙马德里,胡安・卡洛斯・拉米雷斯・马丁内斯;劳尔・托雷斯・鲁伊斯;阿伊达・加西亚・托拉尔巴,北京聿宏知识产权代理有限公司 11372,吴大建,"本发明涉及非整合型慢病毒载体及其用于分裂和非分裂真核细胞的稳定转基因的用途。本发明还提供了获得这些载体的方法,这些载体用于产生重组慢病毒的用途,以及这些重组慢病毒用于获得能够稳定产生感兴趣产物的细胞的用途。","一种多核苷酸,包括：(i)源自慢病毒的第一长末端重复序列,(ii)真核复制起点,其选自于具有SEQ#ID#NO:1、SEQ#ID#NO:2、SEQ#ID#NO:3序列及其功能等价变体的复制起点组成的群组,(iii)支架/基质结合区,其选自于具有SEQ#ID#NO:4、SEQ#ID#NO:5、SEQ#ID#NO:6序列及其功能等价变体的支架/基质结合区组成的群组,(iv)源自所述慢病毒的第二长末端重复序列,其中所述真核复制起点和所述支架/基质结合区位于所述第一和第二长末端重复序列之间。"
CN201480077672.0,2014-03-28,CN106164291A,2016-11-23,中国科学院昆明动物研究所;江西农业大学,650223 云南省昆明市五华区教场东路32号中国科学院昆明动物研究所-遗传资源与进化国家重点实验室,张亚平;黄路生;谢海兵;任军;艾华水,北京市君合律师事务所 11517,赵昊;吴龙瑛,650223 云南省昆明市五华区教场东路32号中国科学院昆明动物研究所-遗传资源与进化国家重点实验室,张亚平;黄路生;谢海兵;任军;艾华水,北京市君合律师事务所 11517,赵昊;吴龙瑛,"本申请提供了用于鉴定猪能生产增加的产仔数的方法和试剂盒。提供了用于区分猪具有与增加的产仔数相关的表型的遗传标记,特别是SNP标记。","一种鉴定猪能生产增加的产仔数的方法,所述方法包括：在猪基因组中检测基因组区域内的至少一个单核苷酸多态性(SNP)位点处E等位基因SNP标记的存在或缺失,所述基因组区域选自Sweep#A、Sweep#B、Sweep#C、Sweep#D和Sweep#E,其中所述E等位基因SNP标记的存在指示了所述猪的增加的产仔数。"
CN201480076735.0,2014-12-31,CN106164290A,2016-11-23,拜奥米尔纳控股有限公司,爱尔兰都柏林,G.索兹;M.贝里;U.帕斯托里诺,中国专利代理(香港)有限公司 72001,李志强;黄希贵,爱尔兰都柏林,G.索兹;M.贝里;U.帕斯托里诺,中国专利代理(香港)有限公司 72001,李志强;黄希贵,"本发明提供确定受试者中肺肿瘤的存在情况的方法。还提供确定受试者中侵袭性肺肿瘤的存在情况的方法。另外,提供确定受试者中出现肺肿瘤的风险的方法。还提供确定受试者中出现侵袭性肺肿瘤的风险的方法。还提供预测受试者中发展或具有肺肿瘤的风险的方法。另外提供确立肺癌治疗选项的方法。","确定受试者中肺肿瘤的存在情况的方法,所述方法包括：(a)#测定来自受试者的生物样品中的miRNA对的表达比率；(b)#比较来自步骤(a)的表达比率与自多个对照样品的多个相应的miRNA对的平均比率测定的截止值；(c)#如果步骤(a)的miRNA对的表达比率超过步骤(b)的截止值,则对所述比率分配正评分,或如果步骤(a)的miRNA对的表达比率未超过步骤(b)的截止值,则对所述比率分配非正评分；(d)#对另外的miRNA对重复步骤(a)至(c),直到(1)#至少9个miRNA对表达比率被分配了正评分,或(2)#在比较27个miRNA对的表达比率后,少于9个miRNA对表达比率被分配了正评分,其中所述miRNA对包括106a/140#5p、106a/142#3p、126/140#5p、126/142#3p、133a/142#3p、140#5p/17、142#3p/148a、142#3p/15b、142#3p/17、142#3p/21、142#3p/221、142#3p/30b或320/660,或其反比；和(e)#按以下将肺肿瘤的存在情况分类：(i)#如果至少9个miRNA对表达比率被分配了正评分,则为阳性；或(ii)#如果少于9个miRNA对表达比率被分配了正评分,则为阴性。"
CN201480075287.2,2014-12-23,CN106164289A,2016-11-23,纪念斯隆凯特琳癌症中心,美国纽约州,T・常;J・沃尔乔克;A・斯尼德查伦;V・马卡罗维,北京市金杜律师事务所 11256,陈文平;徐志明,美国纽约州,T・常;J・沃尔乔克;A・斯尼德查伦;V・马卡罗维,北京市金杜律师事务所 11256,陈文平;徐志明,"本发明描述了癌症对免疫疗法的反应的分子决定因素、以及用于鉴定和/或表征可能响应于免疫疗法的癌症的系统和工具。本发明涵盖以下发现：对癌症免疫疗法的有利反应的可能性可以被预测。本发明进一步包括以下发现：癌症细胞可具有导致新表位的体细胞突变,该新表位可由患者的免疫系统识别为非自身的。对癌症样品中的一个或多个新表位的鉴定可用于确定哪些癌症患者可能有利地响应于免疫疗法,具体地来说是使用免疫检查点调节剂的治疗。","一种方法,其包括以下步骤：在来自受试者的癌症样品中检测体细胞突变；以及将所述受试者鉴定为使用免疫检查点调节剂的治疗的候选者。"
CN201480070346.7,2014-10-22,CN106164286A,2016-11-23,拉莫特特拉维夫大学有限公司,以色列特拉维夫市,费尔南多・帕托洛斯基;乐昶・熊;瓦迪姆・卡利夫斯基;弗拉基米尔・那达喀尔,上海翼胜专利商标事务所(普通合伙) 31218,翟羽,以色列特拉维夫市,费尔南多・帕托洛斯基;乐昶・熊;瓦迪姆・卡利夫斯基;弗拉基米尔・那达喀尔,上海翼胜专利商标事务所(普通合伙) 31218,翟羽,"本发明公开一种系统及方法用于检测目标分子如氧化还原反应剂,其包括一样本隔室和一检测隔室形成流体连通。本发明也公开一检测隔室,其包括多个纳米结构和共价连接到所述纳米结构的一官能基团,使得在接触一氧化还原反应剂时,所述纳米结构表现出一电性的一可检测变化；以及如本文所述具有多个检测系统的一检测隔室的整合。本发明也公开监测细胞的代谢活性的多种方法及其多种用途。","一种系统,其特征在于,包括：至少一腔室,与一检测室形成可控制的流体连通,所述至少一腔室被配置为包含一流体,且所述检测室包括：一半导体纳米结构；和共价连接到所述纳米结构的一官能基团,所述官能基团使得在接触一氧化还原反应剂时,所述纳米结构表现出一电性的一可检测变化。"
CN201480076201.8,2014-12-31,CN106170548A,2016-11-30,美国陶氏益农公司,美国印第安纳州,S・库马尔;M・A・杰曼;T・科拉姆;T・赖特,北京坤瑞律师事务所 11494,罗天乐,美国印第安纳州,S・库马尔;M・A・杰曼;T・科拉姆;T・赖特,北京坤瑞律师事务所 11494,罗天乐,"本公开关注内源植物RNAi机制用于优先或特异性地降低转基因表达的用途。在一些实施方案中,本公开关注特异性降低雄性植物组织中的转基因表达,以便,例如,提供经济的雄性不育杂种种子生产系统。","一种具有表达盒的核酸,所述表达盒包含：具有至少一种sRNA分子的内部靶位点的感兴趣的基因。"
CN201480073826.9,2014-09-05,CN106170547A,2016-11-30,高效基因设计技术研究协会,日本东京都,柘植谦尔;板谷光泰,北京市金杜律师事务所 11256,杨宏军;牛蔚然,日本东京都,柘植谦尔;板谷光泰,北京市金杜律师事务所 11256,杨宏军;牛蔚然,"本发明提供多个单元DNA的摩尔数更加一致的单元DNA组合物的制备方法及DNA连结体的制作方法。单元DNA组合物的制备方法包括下述工序：准备各自含有连结有附加序列的多个单元DNA中的每一种所述单元DNA的溶液的工序；和,在准备各溶液后,在单元DNA连结有附加序列的状态下,测定各溶液中的单元DNA的浓度,基于其结果分取各溶液,使各溶液中的单元DNA的摩尔数接近于彼此相同的工序。DNA连结体的制作方法包括下述工序：制备单元DNA组合物的工序、准备载体DNA的工序、用限制性内切酶从制备得到的溶液中的连结有附加序列的单元DNA中除去各附加序列的工序、和在除去工序后将载体DNA及各单元DNA彼此连结的工序。","单元DNA组合物的制备方法,所述方法包括下述工序：针对连结有附加序列的多个单元DNA,准备分别含有其中的每一种所述单元DNA的溶液的工序；和在准备所述各溶液后,在所述单元DNA连结有附加序列的状态下,测定所述各溶液中的单元DNA的浓度,基于其结果分取所述各溶液,使各溶液中的单元DNA的摩尔数接近于彼此相同的工序。"
CN201610505884.5,2014-09-03,CN106150357A,2016-11-23,赵慧娜,265400 山东省烟台市招远市河东路水悦逸品1号楼2单元602,岳猛,烟台双联专利事务所(普通合伙) 37225,牟炳彦,265400 山东省烟台市招远市河东路水悦逸品1号楼2单元602,岳猛,烟台双联专利事务所(普通合伙) 37225,牟炳彦,"本发明公开了一种快速环保打孔安装多用装置,包括打孔固定装置、伸缩装置和集尘装置,打孔固定装置包括安装座、打孔电机和连接杆,伸缩装置包括伸缩转动支撑架、升降机构和液压装置,安装座设置在打孔电机上与打孔电机输出轴连接,打孔电机通过连接杆与伸缩转动支撑架连接,升降机构固定在伸缩转动支撑架上,液压装置设置在伸缩转动支撑架的下端并与伸缩转动支撑架顶压连接,集尘装置包括接尘盘、吸尘电机、输送管和集尘盒,接尘盘与安装座活动连接,吸尘电机固定在伸缩转动支撑架上靠近安装座处。该装置实现了打孔安装一体化作业,功能多,操作方便,干净卫生,效率高。","一种快速环保打孔安装多用装置,其特征在于：包括打孔固定装置(1)、伸缩装置(2)和集尘装置(3),所述的打孔固定装置(1)包括安装座(4)、打孔电机(5)和连接杆(6),所述的伸缩装置(2)包括伸缩转动支撑架(7)、升降机构(8)和液压装置(9),所述的安装座(4)设置在打孔电机(5)上方与打孔电机(5)的输出轴连接,所述的打孔电机(5)通过连接杆(6)与伸缩转动支撑架(7)连接,所述的升降机构(8)固定在伸缩转动支撑架(7)上,所述的液压装置(9)设置在伸缩转动支撑架(7)的下端并与伸缩转动支撑架(7)顶压连接,所述的集尘装置(3)包括接尘盘(10)、吸尘电机(11)、输送管(12)和集尘盒(13),所述的接尘盘(10)与安装座(4)活动连接,所述的吸尘电机(11)固定在伸缩转动支撑架(7)上靠近安装座(4)处,所述的集尘盒(13)固定在伸缩转动支撑架(7)上并且靠近下端设置,所述的接尘盘(10)与集尘盒(13)通过输送管(12)连接；所述的伸缩转动支撑架(7)包括内支撑架(14)、外支撑架(15)和转动座(16),所述的内支撑架(14)和外支撑架(15)滑动连接,所述的转动座(16)设置在外支撑架(15)的内部并与内支撑架(14)转动连接,所述的打孔电机(5)通过连接杆(6)与内支撑架(14)连接,所述的升降机构(8)包括升降齿条(17)、齿轮(18)和转动手柄(19),所述的升降齿条(17)固定在内支撑架(14)上,所述的齿轮(18)固定在外支撑架(15)上并与升降齿条(17)相啮合,所述的转动手柄(19)与齿轮(18)固定连接,外支撑架(15)上对应于升降齿条(17)设置有刻度尺(20)；所述的液压装置(9)包括液压顶(21)、加压装置(22)和脚踏装置(23),所述的液压顶(21)设置在外支撑架(15)内部并且与内支撑架(14)的下端顶压连接,所述的加压装置(22)分别与液压顶(21)和脚踏装置(23)连接,所述的脚踏装置(23)与液压顶(21)连接,所述的液压顶(21)上设置有泄压开关(24),所述的泄压开关(24)穿设在外支撑架(15)的外部；所述外支撑架(15)上设置有第一把手(33),所述的第一把手(33)固定在外支撑架(15)的端部,内支撑架(14)上设置有第二把手(34),所述的第二把手(34)固定在第一把手(33)上方的内支撑架(14)上,所述的第一把手(33)上设置有开关按钮(35),所述的开关按钮(35)通过电线与打孔电机(5)电连接。"
CN201610505785.7,2014-09-03,CN106150356A,2016-11-23,赵慧娜,265400 山东省烟台市招远市河东路水悦逸品1号楼2单元602,岳猛,烟台双联专利事务所(普通合伙) 37225,牟炳彦,265400 山东省烟台市招远市河东路水悦逸品1号楼2单元602,岳猛,烟台双联专利事务所(普通合伙) 37225,牟炳彦,"本发明公开了一种墙面用快速省力打孔安装多用装置,包括打孔固定装置、伸缩装置和集尘装置,打孔固定装置包括安装座、打孔电机和连接杆,伸缩装置包括伸缩转动支撑架、升降机构和液压装置,安装座设置在打孔电机上与打孔电机输出轴连接,打孔电机通过连接杆与伸缩转动支撑架连接,升降机构固定在伸缩转动支撑架上,液压装置设置在伸缩转动支撑架的下端并与伸缩转动支撑架顶压连接,集尘装置包括接尘盘、吸尘电机、输送管和集尘盒,接尘盘与安装座活动连接,吸尘电机固定在伸缩转动支撑架上靠近安装座处。该装置实现了打孔安装一体化作业,功能多,操作方便,干净卫生,效率高。","一种墙面用快速省力打孔安装多用装置,其特征在于：包括打孔固定装置(1)、伸缩装置(2)和集尘装置(3),所述的打孔固定装置(1)包括安装座(4)、打孔电机(5)和连接杆(6),所述的伸缩装置(2)包括伸缩转动支撑架(7)、升降机构(8)和液压装置(9),所述的安装座(4)设置在打孔电机(5)上方与打孔电机(5)的输出轴连接,所述的打孔电机(5)通过连接杆(6)与伸缩转动支撑架(7)连接,所述的升降机构(8)固定在伸缩转动支撑架(7)上,所述的液压装置(9)设置在伸缩转动支撑架(7)的下端并与伸缩转动支撑架(7)顶压连接,所述的集尘装置(3)包括接尘盘(10)、吸尘电机(11)、输送管(12)和集尘盒(13),所述的接尘盘(10)与安装座(4)活动连接,所述的吸尘电机(11)固定在伸缩转动支撑架(7)上靠近安装座(4)处,所述的集尘盒(13)固定在伸缩转动支撑架(7)上并且靠近下端设置,所述的接尘盘(10)与集尘盒(13)通过输送管(12)连接；所述的伸缩转动支撑架(7)包括内支撑架(14)、外支撑架(15)和转动座(16),所述的内支撑架(14)和外支撑架(15)滑动连接,所述的转动座(16)设置在外支撑架(15)的内部并与内支撑架(14)转动连接,所述的打孔电机(5)通过连接杆(6)与内支撑架(14)连接,所述的升降机构(8)包括升降齿条(17)、齿轮(18)和转动手柄(19),所述的升降齿条(17)固定在内支撑架(14)上,所述的齿轮(18)固定在外支撑架(15)上并与升降齿条(17)相啮合,所述的转动手柄(19)与齿轮(18)固定连接,外支撑架(15)上对应于升降齿条(17)设置有刻度尺(20)；所述的液压装置(9)包括液压顶(21)、加压装置(22)和脚踏装置(23),所述的液压顶(21)设置在外支撑架(15)内部并且与内支撑架(14)的下端顶压连接,所述的加压装置(22)分别与液压顶(21)和脚踏装置(23)连接,所述的脚踏装置(23)与液压顶(21)连接,所述的液压顶(21)上设置有泄压开关(24),所述的泄压开关(24)穿设在外支撑架(15)的外部；所述的安装座(4)上设置有活动卡座(28),所述的活动卡座(28)上设置有钻头安装孔(29)或者卡箍安装孔(30)；所述伸缩转动支撑架(7)上还设置有固定卡件(36),输送管(12)通过固定卡件(36)与伸缩转动支撑架(7)固定卡接。"
CN201610503125.5,2014-09-03,CN106150355A,2016-11-23,赵慧娜,265400 山东省烟台市招远市河东路水悦逸品1号楼2单元602,岳猛,烟台双联专利事务所(普通合伙) 37225,牟炳彦,265400 山东省烟台市招远市河东路水悦逸品1号楼2单元602,岳猛,烟台双联专利事务所(普通合伙) 37225,牟炳彦,"本发明公开了一种高效省力节能打孔安装多用装置,包括打孔固定装置、伸缩装置和集尘装置,打孔固定装置包括安装座、打孔电机和连接杆,伸缩装置包括伸缩转动支撑架、升降机构和液压装置,安装座设置在打孔电机上与打孔电机输出轴连接,打孔电机通过连接杆与伸缩转动支撑架连接,升降机构固定在伸缩转动支撑架上,液压装置设置在伸缩转动支撑架的下端并与伸缩转动支撑架顶压连接,集尘装置包括接尘盘、吸尘电机、输送管和集尘盒,接尘盘与安装座活动连接,吸尘电机固定在伸缩转动支撑架上靠近安装座处。该装置实现了打孔安装一体化作业,功能多,操作方便,干净卫生,效率高。","一种高效省力节能打孔安装多用装置,其特征在于：包括打孔固定装置(1)、伸缩装置(2)和集尘装置(3),所述的打孔固定装置(1)包括安装座(4)、打孔电机(5)和连接杆(6),所述的伸缩装置(2)包括伸缩转动支撑架(7)、升降机构(8)和液压装置(9),所述的安装座(4)设置在打孔电机(5)上方与打孔电机(5)的输出轴连接,所述的打孔电机(5)通过连接杆(6)与伸缩转动支撑架(7)连接,所述的升降机构(8)固定在伸缩转动支撑架(7)上,所述的液压装置(9)设置在伸缩转动支撑架(7)的下端并与伸缩转动支撑架(7)顶压连接,所述的集尘装置(3)包括接尘盘(10)、吸尘电机(11)、输送管(12)和集尘盒(13),所述的接尘盘(10)与安装座(4)活动连接,所述的吸尘电机(11)固定在伸缩转动支撑架(7)上靠近安装座(4)处,所述的集尘盒(13)固定在伸缩转动支撑架(7)上并且靠近下端设置,所述的接尘盘(10)与集尘盒(13)通过输送管(12)连接；所述的伸缩转动支撑架(7)包括内支撑架(14)、外支撑架(15)和转动座(16),所述的内支撑架(14)和外支撑架(15)滑动连接,所述的转动座(16)设置在外支撑架(15)的内部并与内支撑架(14)转动连接,所述的打孔电机(5)通过连接杆(6)与内支撑架(14)连接,所述的升降机构(8)包括升降齿条(17)、齿轮(18)和转动手柄(19),所述的升降齿条(17)固定在内支撑架(14)上,所述的齿轮(18)固定在外支撑架(15)上并与升降齿条(17)相啮合,所述的转动手柄(19)与齿轮(18)固定连接,外支撑架(15)上对应于升降齿条(17)设置有刻度尺(20)；所述的液压装置(9)包括液压顶(21)、加压装置(22)和脚踏装置(23),所述的液压顶(21)设置在外支撑架(15)内部并且与内支撑架(14)的下端顶压连接,所述的加压装置(22)分别与液压顶(21)和脚踏装置(23)连接,所述的脚踏装置(23)与液压顶(21)连接,所述的液压顶(21)上设置有泄压开关(24),所述的泄压开关(24)穿设在外支撑架(15)的外部；所述的加压装置(22)包括加压管(25)、挂钩(26)和弹簧(27),所述的加压管(25)与液压顶(21)连接,所述的挂钩(26)分别设置在外支撑架(15)和加压管(25)上,所述的弹簧(27)的两端分别挂设在挂钩(26)上,所述的加压管(25)与脚踏装置(23)连接；所述外支撑架(15)上设置有第一把手(33),所述的第一把手(33)固定在外支撑架(15)的端部,内支撑架(14)上设置有第二把手(34),所述的第二把手(34)固定在第一把手(33)上方的内支撑架(14)上,所述的第一把手(33)上设置有开关按钮(35),所述的开关按钮(35)通过电线与打孔电机(5)电连接；所述伸缩转动支撑架(7)上还设置有固定卡件(36),输送管(12)通过固定卡件(36)与伸缩转动支撑架(7)固定卡接。"
CN201610503110.9,2014-09-03,CN106150354A,2016-11-23,赵慧娜,265400 山东省烟台市招远市河东路水悦逸品1号楼2单元602,岳猛,烟台双联专利事务所(普通合伙) 37225,牟炳彦,265400 山东省烟台市招远市河东路水悦逸品1号楼2单元602,岳猛,烟台双联专利事务所(普通合伙) 37225,牟炳彦,"本发明公开了一种建筑用环保快速省力打孔安装多用装置,包括打孔固定装置、伸缩装置和集尘装置,打孔固定装置包括安装座、打孔电机和连接杆,伸缩装置包括伸缩转动支撑架、升降机构和液压装置,安装座设置在打孔电机上与打孔电机输出轴连接,打孔电机通过连接杆与伸缩转动支撑架连接,升降机构固定在伸缩转动支撑架上,液压装置设置在伸缩转动支撑架的下端并与伸缩转动支撑架顶压连接,集尘装置包括接尘盘、吸尘电机、输送管和集尘盒,接尘盘与安装座活动连接,吸尘电机固定在伸缩转动支撑架上靠近安装座处。该装置实现了打孔安装一体化作业,功能多,操作方便,干净卫生,效率高。","一种建筑用环保快速省力打孔安装多用装置,其特征在于：包括打孔固定装置(1)、伸缩装置(2)和集尘装置(3),所述的打孔固定装置(1)包括安装座(4)、打孔电机(5)和连接杆(6),所述的伸缩装置(2)包括伸缩转动支撑架(7)、升降机构(8)和液压装置(9),所述的安装座(4)设置在打孔电机(5)上方与打孔电机(5)的输出轴连接,所述的打孔电机(5)通过连接杆(6)与伸缩转动支撑架(7)连接,所述的升降机构(8)固定在伸缩转动支撑架(7)上,所述的液压装置(9)设置在伸缩转动支撑架(7)的下端并与伸缩转动支撑架(7)顶压连接,所述的集尘装置(3)包括接尘盘(10)、吸尘电机(11)、输送管(12)和集尘盒(13),所述的接尘盘(10)与安装座(4)活动连接,所述的吸尘电机(11)固定在伸缩转动支撑架(7)上靠近安装座(4)处,所述的集尘盒(13)固定在伸缩转动支撑架(7)上并且靠近下端设置,所述的接尘盘(10)与集尘盒(13)通过输送管(12)连接；所述的伸缩转动支撑架(7)包括内支撑架(14)、外支撑架(15)和转动座(16),所述的内支撑架(14)和外支撑架(15)滑动连接,所述的转动座(16)设置在外支撑架(15)的内部并与内支撑架(14)转动连接,所述的打孔电机(5)通过连接杆(6)与内支撑架(14)连接,所述的升降机构(8)包括升降齿条(17)、齿轮(18)和转动手柄(19),所述的升降齿条(17)固定在内支撑架(14)上,所述的齿轮(18)固定在外支撑架(15)上并与升降齿条(17)相啮合,所述的转动手柄(19)与齿轮(18)固定连接,外支撑架(15)上对应于升降齿条(17)设置有刻度尺(20)；所述的液压装置(9)包括液压顶(21)、加压装置(22)和脚踏装置(23),所述的液压顶(21)设置在外支撑架(15)内部并且与内支撑架(14)的下端顶压连接,所述的加压装置(22)分别与液压顶(21)和脚踏装置(23)连接,所述的脚踏装置(23)与液压顶(21)连接,所述的液压顶(21)上设置有泄压开关(24),所述的泄压开关(24)穿设在外支撑架(15)的外部；所述的安装座(4)上设置有活动卡座(28),所述的活动卡座(28)上设置有钻头安装孔(29)或者卡箍安装孔(30)；接尘盘(10)的下方设置有漏斗结构,所述的接尘盘(10)上设置有若干漏尘孔(31)和照明二极管(32),所述的输送管(12)与漏斗结构的下端密封连接,所述的照明二极管(32)与电源连接；所述外支撑架(15)上设置有第一把手(33),所述的第一把手(33)固定在外支撑架(15)的端部,内支撑架(14)上设置有第二把手(34),所述的第二把手(34)固定在第一把手(33)上方的内支撑架(14)上,所述的第一把手(33)上设置有开关按钮(35),所述的开关按钮(35)通过电线与打孔电机(5)电连接。"
